"type","crs__type","crs__properties__name","features__type","features__properties__MainFeatur","features__geometry__type","features__geometry__coordinates__001","features__geometry__coordinates__002"
"FeatureCollection","name","urn:ogc:def:crs:EPSG::3857","Feature","כתם יפרוק","Point","3870205.774633112363517","3670460.02641914319247"
"","","","Feature","עץ שיזף מצוי","Point","3869648.308769721072167","3671854.701245430856943"
"","","","Feature","ריכוז מרווה ריחנית וקזוח","Point","3876404.934428602457047","3667304.415099033154547"
"","","","Feature","מערה, בולדרים ושרידי מדורות","Point","3872636.435726586263627","3666568.228182004299015"
"","","","Feature","צבעונים וכלניות - ריכוז דליל","Point","3875978.914669355843216","3667228.35911953728646"
"","","","Feature","ריכוז אירוס שחום- 50+ פרטים, 100 על 100 מטר","Point","3873466.623918572906405","3673186.526960081420839"
"","","","Feature","ריכוז גיאופיטים- כלניות בצפיפות גבוהה מאוד- עשרות אלפי פרטים, 500 על 50 מטר","Point","3869670.087613467592746","3670394.110282734502107"
"","","","Feature","קדד נאה","Point","3878595.813340086489916","3673056.604905979707837"
"","","","Feature","תצפית","Point","3876253.127869160845876","3667349.403374943416566"
"","","","Feature","שיטה סלילנית","Point","3868207.546701365150511","3668535.925525447353721"
"","","","Feature","בוצין שיחני - זיהוי לא וודאי","Point","3874995.092913855798542","3663479.942746073938906"
"","","","Feature","עץ אשל, גובה כ- 10 מ'","Point","3870700.812408840749413","3664183.50928829330951"
"","","","Feature","גשר ומעביר מים בנחל- מעבר לבע""ח, שומר מים זמן ממושך","Point","3869701.804809351917356","3668465.406034931540489"
"","","","Feature","ריכוז קדד בלתי מזוהה","Point","3867494.626457252539694","3663225.890417609829456"
"","","","Feature","שיכרון מרושת - פרטים בודדים","Point","3877012.293563245795667","3664707.836967845447361"
"","","","Feature","מצילות ארוכות-עוקץ ושום אשרסון","Point","3876416.956866503227502","3674157.250452642794698"
"","","","Feature","עץ שיזף מצוי","Point","3871240.501070599071681","3668968.426041477359831"
"","","","Feature","עץ תות וותיק בערוץ עם לימנים וסכרי אבן","Point","3869453.924657345283777","3671190.861418781336397"
"","","","Feature","קיר עפר בגובה 2.5 מ'","Point","3868273.477412002161145","3662829.974519257899374"
"","","","Feature","ריכוז גלונית מצויה","Point","3872683.412468048278242","3660020.92988934321329"
"","","","Feature","ריכוז צפוף של שומר פשוט","Point","3868767.921731494832784","3665320.951227661222219"
"","","","Feature","עץ אשל גדול ומרשים","Point","3866989.979447028599679","3665072.971717748790979"
"","","","Feature","מקבץ שלהבית קיצרת-שיניים","Point","3872534.578341939020902","3671336.97035864694044"
"","","","Feature","ריכוז צמר מפוצל","Point","3876983.350507677067071","3668281.203870855737478"
"","","","Feature","מחילות יונקים קטנים","Point","3875670.332479719538242","3670237.883381200488657"
"","","","Feature","כחלית ההרים - כעשרה פרטים","Point","3871634.226283808238804","3672756.540638080332428"
"","","","Feature","בור מים","Point","3876776.915149766020477","3667934.061384531203657"
"","","","Feature","מערה","Point","3874633.066743656992912","3672159.265943235717714"
"","","","Feature","שיכרון מרושת בודד, קדד לא מזוהה (ייתכן ב""ש)","Point","3874738.40205638576299","3662993.422857526689768"
"","","","Feature","קירות עפר בגדת נחל חברון","Point","3878093.198201285675168","3664573.34826897457242"
"","","","Feature","משטח סלע עם גבים רדודים בשטח מ""ר בודדים ועומק 20 ס""מ","Point","3874071.677913025487214","3671517.925151419825852"
"","","","Feature","זוגן השיח","Point","3874437.770546639803797","3662444.720788788981736"
"","","","Feature","סתוונית הנגב - מקבץ צפוף","Point","3878150.089991053100675","3670903.679783268366009"
"","","","Feature","ריכוז צמר מפוצל","Point","3869941.279501957818866","3673149.765673483721912"
"","","","Feature","שרידי מבנה ישן","Point","3869499.373295648954809","3671336.845561902038753"
"","","","Feature","מחשוף קירטון - שני עצי חרוב","Point","3874185.323520933277905","3670821.177524365019053"
"","","","Feature","מחצבה","Point","3872746.975951602682471","3666661.470059523358941"
"","","","Feature","אירוס הנגב","Point","3873108.372687648050487","3662370.783471507951617"
"","","","Feature","ריכוז צפוף ומדהים של עדעד המדבר, אלפי פרטים בשטח קטן בין דרך העפר למחשוף","Point","3868706.410046259872615","3665364.888095774687827"
"","","","Feature","עצי שיזף מצוי- 4 פרטים","Point","3868215.906632296275347","3669486.719287976622581"
"","","","Feature","מאורות","Point","3870446.89266258245334","3669170.149127203505486"
"","","","Feature","מאות כלניות, מעט אירוס שחום","Point","3878348.795324180275202","3664669.165894257370383"
"","","","Feature","כניסה לפיר - מפעל המים של תל באר שבע.","Point","3878508.715849465690553","3664649.92410307796672"
"","","","Feature","שישה עצי אורן","Point","3868172.853993186261505","3666635.709919489920139"
"","","","Feature","מחצבה בשימוש מקננים שונים","Point","3869246.861159905325621","3663215.724773117806762"
"","","","Feature","שיטה סלילנית","Point","3872326.188256450463086","3660924.767852969001979"
"","","","Feature","חלקות בעל","Point","3871830.485762402880937","3670473.174641584511846"
"","","","Feature","מקבץ פגוניה רכה","Point","3876682.565152141265571","3674503.739097444340587"
"","","","Feature","שיטה סלילנית קטנה, סירה קוצנית","Point","3869721.86875327816233","3661209.443726865574718"
"","","","Feature","ריכוז עדעד המדבר","Point","3873430.922819929197431","3668734.850938381627202"
"","","","Feature","ריכוז שום הלענה","Point","3870952.72835278371349","3670042.485146681312472"
"","","","Feature","קדד נאה","Point","3876095.577581143472344","3673630.304258878808469"
"","","","Feature","ריכוז כלניות- אלפי פרטים, 200 על 50 מטר","Point","3873771.952277311589569","3670626.158449820242822"
"","","","Feature","תעלה רדודה חפורה במדרון, ייתכן חלק ממערך ההגנה הטורקי","Point","3868787.626136439386755","3662903.912766237277538"
"","","","Feature","שרידי מבנה הרוס","Point","3872103.858065794687718","3672546.102037191390991"
"","","","Feature","שרידי מבנה ישן","Point","3869154.496778028085828","3669446.732219835277647"
"","","","Feature","וושינגטוניה ורותם המדבר","Point","3867196.920079461298883","3665754.345603862777352"
"","","","Feature","מחשוף סלע- קירטון- 50 על 15 מטר","Point","3870020.552302734926343","3668856.729654841590673"
"","","","Feature","ריכוז גיאופיטים- כלניות- אלפי פרטים, 200 על 50 מטר","Point","3869806.939890607260168","3670211.920119186397642"
"","","","Feature","קיר עפר - חורי קינון","Point","3872502.295660811942071","3671270.269178625196218"
"","","","Feature","שיטה סלילנית","Point","3869222.429962613619864","3673437.751096696127206"
"","","","Feature","חפירות בקרקע, קרוב לוודאי של פעילות צבאית בעבר","Point","3869091.646175193600357","3663630.145132954698056"
"","","","Feature","ריכוז אטדים","Point","3868836.544907958712429","3661771.785834601148963"
"","","","Feature","שרידי מבנה ישן","Point","3869886.970736973453313","3671193.875278858467937"
"","","","Feature","טרסות עם עצי שיטה סלילנית נטועים וצמחייה מגוונת","Point","3867692.124473891686648","3667895.850847484078258"
"","","","Feature","דרך עתיקה?","Point","3869420.717231547925621","3661415.302592819090933"
"","","","Feature","קדד באר שבע, זמזומית אייג?","Point","3877563.436318356078118","3666158.67576943570748"
"","","","Feature","משטח סלע גדול לצד ערוץ הנחל","Point","3869237.687167940661311","3661233.570793204009533"
"","","","Feature","לימן עם עצים- נקודת צל","Point","3872443.274758284445852","3673830.121723319869488"
"","","","Feature","שום הנגב","Point","3869896.417674501892179","3658278.651898865588009"
"","","","Feature","ריכוז עצי שיזף מצוי בערוץ הנכנס לעיר- 10 פרטים","Point","3868708.395075186621398","3668150.518044404219836"
"","","","Feature","ריכוז אירוס שחום- 20+ פרטים, 20 על 50 מטר","Point","3876178.713729273062199","3673233.653614073060453"
"","","","Feature","תצפית","Point","3874578.14751499472186","3670431.54165543243289"
"","","","Feature","ריכוז חריג בצפיפותו של עכובית הגלגל","Point","3874567.054851047694683","3662797.412092303857207"
"","","","Feature","עץ שיזף מצוי","Point","3868597.946575727779418","3668876.255158322397619"
"","","","Feature","קירות עפר ותלכיד נחלים בקטע זה של נחל באר שבע, וכמובן מחשוף הסלע בערוץ הנחל","Point","3877936.280607525724918","3664357.429834220558405"
"","","","Feature","הוקם בשנת 1943 במסגרת תוכנית שלושת המצפים יחד עם רביבים וגבולות. לאחר קרבות נחרב ב-1948 ומאז לא נושב. המיקום תוקן בשטח. המקום משופץ ונעול כחלק","Point","3875377.121926451101899","3663107.308485969435424"
"","","","Feature","ריכוז קדד באר שבע","Point","3874328.825909433886409","3671394.682822126429528"
"","","","Feature","ריכוז אשלים","Point","3875272.59254620410502","3663980.398473630659282"
"","","","Feature","עץ שיטה סלילנית","Point","3868867.988497767131776","3669467.724818835500628"
"","","","Feature","גשר ומעביר מים עם מעבר לבע""ח וקינון ציפורים","Point","3869899.167614174075425","3668416.737066747620702"
"","","","Feature","שרידי מבנה ישן","Point","3870047.600638514850289","3671390.949647760018706"
"","","","Feature","שיח אשל","Point","3871302.271582246758044","3658260.085528814699501"
"","","","Feature","בן-חצב מדברי","Point","3873435.895196276716888","3659190.604567957576364"
"","","","Feature","ריכוז אירוס שחום- 50+ פרטים, 100 על 50 מטר","Point","3873646.917701662983745","3672511.173999772872776"
"","","","Feature","ריכוז גיאופיטים- כלניות- אלפי פרטים, 100 על 10 מטר","Point","3869289.462804025039077","3668927.013990642968565"
"","","","Feature","בור מים/באר- 5 על 2 מטר","Point","3869647.543922639451921","3670457.909731634892523"
"","","","Feature","מאורה","Point","3873153.885740136727691","3658932.481546960771084"
"","","","Feature","שיטה סלילנית","Point","3872027.664942005183548","3673508.568947469815612"
"","","","Feature","נקז כובשים - קנים ואשלים. זיף-נוצה חבוי","Point","3873330.6240702746436","3668529.320643989834934"
"","","","Feature","עדעד מאובק","Point","3870051.782606362830848","3671120.062601873651147"
"","","","Feature","ריכוז זמזומית המדבר, נץ-חלב דק-עלים","Point","3870755.692832018248737","3664116.716754329856485"
"","","","Feature","עץ שיזף","Point","3871200.22870979597792","3669074.934498327318579"
"","","","Feature","ריכוז עדעד המדבר","Point","3872021.284114488400519","3669748.616802789736539"
"","","","Feature","מחשוף קירטון עם ערוצונים קצרצרים ומרשימים","Point","3869145.523217787966132","3661258.234416681807488"
"","","","Feature","מעט קורנית, שמשון הדור","Point","3878357.923553796950728","3672888.396052396856248"
"","","","Feature","עצי אשל הפרקים וותיקים- 2 עצים+ גשר החוצה את ערוץ נחל קטע/נוקדים","Point","3873672.560132143553346","3662368.138557490892708"
"","","","Feature","בריכה בנחל כתף","Point","3876693.140539353247732","3665350.289207265712321"
"","","","Feature","מחשוף סלע ואלת המסטיק","Point","3872977.852577313780785","3667802.697877693455666"
"","","","Feature","גל אבנים - מיקום דויק בסקר הנוכחי","Point","3867979.912834403570741","3662725.14511612104252"
"","","","Feature","צבעונים פזורים","Point","3874947.539619744755328","3670562.763982437551022"
"","","","Feature","רותם המדבר - שיח גדול ושלושה פרטים קטנים לידו","Point","3869393.031033686827868","3668455.210704064927995"
"","","","Feature","ריכוז גיאופיטים- עירית גדולה- אלפי פרטים, 200 על 100 מטר","Point","3869449.192907343618572","3670687.13384258793667"
"","","","Feature","ריכוז צמחי שיכרון מרושת","Point","3877947.578733491245657","3664987.610623103100806"
"","","","Feature","סכר עתיק בנחל חברון","Point","3878168.518570877145976","3664632.349326974246651"
"","","","Feature","שלוש מאורות גדולות","Point","3868639.880371903069317","3669739.238097141031176"
"","","","Feature","כתם עדעד המדבר בשטח כעשרה מ""ר","Point","3874638.739306221250445","3669198.414066660217941"
"","","","Feature","ריכוז זוחלים","Point","3876789.192958686500788","3668849.75832427572459"
"","","","Feature","ערוץ חתור בבתרונות הלס לאורך מאות מטרים","Point","3869193.552344995550811","3662090.95586198149249"
"","","","Feature","ציפורן יהודה","Point","3868406.406394109595567","3669883.56610895646736"
"","","","Feature","שום הנגב בודד וריכוז הרדופנין (ההרדופנין נפוץ בכל הסביבה)","Point","3869875.379423593170941","3665190.973656672984362"
"","","","Feature","2 סמוני המערות הם 2 מאגורות בנחל. מול המאגורות בגדה הדרומית פתח מרובע לבור מים. במאגורה המערבית מקנן עוף לילה מסוג כלשהוא","Point","3873846.447946401312947","3671782.642439417075366"
"","","","Feature","ריכוז צמחיית בר - עכובית הגלגל, שבר לבן ועוד","Point","3874767.20200353814289","3662827.678448313381523"
"","","","Feature","סוללת מסילת הברזל הטורקית","Point","3867631.457433827687055","3666119.111922205425799"
"","","","Feature","סייפני התבואה וצבעונים","Point","3875218.602535358630121","3672814.259743558242917"
"","","","Feature","עץ אשל הפרקים וותיק","Point","3868027.040581851731986","3668517.813332368154079"
"","","","Feature","מעביר מים - קן סנונית מערות","Point","3873530.553789618890733","3668801.668695543892682"
"","","","Feature","מצוק 5 מ', מאורות (שועלים?), עדעד מאובק, יפרוק המדבר, ערטל מדברי","Point","3874817.741058063227683","3669495.134965263772756"
"","","","Feature","תצפית","Point","3876743.790902522858232","3673919.053385082632303"
"","","","Feature","מצוק מעל ערוץ הנחל עם קינון ציפורים ומחילות בע""ח- 10 על 50 מטר","Point","3872711.916437008883804","3668452.726259965915233"
"","","","Feature","בור מים נטוש חצוב בסלע- 7 על 5 מטר","Point","3870050.028042011894286","3671303.562672954518348"
"","","","Feature","צבעונים, נוריות, סתוונית הנגב","Point","3877958.731799683067948","3671010.112016448285431"
"","","","Feature","מחצבה אשר משמת לקינון חלקם נדירים וצייד של יונקים בינוניים","Point","3869340.169840062502772","3663167.597011410631239"
"","","","Feature","שיטה סלילנית ושיזף מצוי","Point","3867816.720425973180681","3668734.552456283476204"
"","","","Feature","עץ שיטה סלילנית","Point","3869599.154514502268285","3669356.099402347113937"
"","","","Feature","שום אשרסון","Point","3876492.208847776520997","3674675.87939122878015"
"","","","Feature","מצוק בגובה 6-5 מ', הרבה מלחית אשונה","Point","3874627.273467342369258","3669163.375963997095823"
"","","","Feature","שמשון הדור, חבלבל זיתני, צבעונים","Point","3875957.430073958821595","3668118.921295398846269"
"","","","Feature","אירוס שחום","Point","3876123.741373183205724","3667025.198013217654079"
"","","","Feature","שיטה סלילנית","Point","3871138.420352287590504","3672629.936966554261744"
"","","","Feature","עץ אשל - שני גזעים","Point","3870947.718965836800635","3664218.92383282398805"
"","","","Feature","עץ שיטה סלילנית","Point","3868587.046249839477241","3668933.164721517823637"
"","","","Feature","מחשוף בהיר בגובה 2 מ', פגוניה ועוד.","Point","3873192.476524955127388","3668508.611485823057592"
"","","","Feature","מסלעה גדולה בגובה כמה מטרים, פוטנציאלי לחרדונים ומכרסמים","Point","3869269.050001445226371","3665533.681609177496284"
"","","","Feature","מצוקון עפר ואשל","Point","3869154.609852582681924","3661870.281345260329545"
"","","","Feature","בור מים נטוש (נמצאה בו קרפדה ירוקה)","Point","3870946.593750646337867","3668294.61700531328097"
"","","","Feature","בור מים - לא אותר בשטח ולא נראה שהתשתית מאפשרת קיום בור שכזה באזור הלס","Point","3868868.910465238150209","3662224.463182195089757"
"","","","Feature","ריכוז עצי שיזף מצוי- 4 פרטים","Point","3868390.706416190601885","3668395.298440767917782"
"","","","Feature","אירוס שחום - עשרות גושים. אוכלוסייה מועתקת","Point","3878334.10111726494506","3664568.387296261731535"
"","","","Feature","באר צפד. אתר מהתקופה הכלקוליתית","Point","3871228.740103908348829","3662311.198647032491863"
"","","","Feature","תצפית - פסולת אסבסט","Point","3870030.446419393643737","3669268.360419690143317"
"","","","Feature","עץ אשל הפרקים וותיק","Point","3871025.501551743596792","3669093.264436198864132"
"","","","Feature","עצי פיקוס התאנה- 3 פרטים","Point","3872366.821076001506299","3669122.393241236452013"
"","","","Feature","עץ שיזף מצוי","Point","3871343.839644481893629","3669955.307840653229505"
"","","","Feature","שיח אטד גדול וריכוז של גלוניות בערוצון. אחד המקומות הבודדים בעמק שרה עם צומח מעניין","Point","3877081.44551451317966","3663021.980744953267276"
"","","","Feature","מערה חצובה בסלע עם קינון ציפורים- 10 על 10 מטר","Point","3870278.986406792886555","3670854.534155911765993"
"","","","Feature","באר נוקדים","Point","3872301.428725563455373","3662701.201788621023297"
"","","","Feature","מחצבה נטושה עם קינון ציפורים- 50 על 20 מטר","Point","3872008.950901370029896","3669714.682307322975248"
"","","","Feature","שיזף מצוי","Point","3868643.591156393755227","3669674.108765268232673"
"","","","Feature","שום אשרסון","Point","3876200.32916658045724","3673823.541329421568662"
"","","","Feature","עצי שיזף מצוי- 4 פרטים","Point","3869475.180844160262495","3668875.060714971274137"
"","","","Feature","תצפית נקודת גובה 254","Point","3866673.322226107120514","3666527.354712025728077"
"","","","Feature","פתחי ניקוז בחומת בית הקברות - מאפשרים מעבר בעלי חיים לשטח בית הקברות ולהיפך","Point","3868562.663917837664485","3664646.024020055308938"
"","","","Feature","שום אשרסון","Point","3875877.391315393615514","3671460.993819988332689"
"","","","Feature","מדרון תלול עם מחשופי סלע- אתר מחיה לזוחלים, יונקים וציפורים","Point","3871318.575686357915401","3668595.09867053758353"
"","","","Feature","אגם מלאכותי בגן הזואולוגי. עופות מים.","Point","3867720.232972324825823","3666403.624187896028161"
"","","","Feature","מצוק בגובה כ- 5 מ', ריכוז גדול של מלחית אשונה","Point","3874688.165187373757362","3669319.550400545820594"
"","","","Feature","נקודת שחרור מים - כנראה עודפים מהבריכות. לפי הצמחייה הירוקה במורד הערוץ, ההזרמה נמשכת זמן מה אך לא במשך זמן רב","Point","3874823.036495334934443","3670592.705541565082967"
"","","","Feature","ריכוז גיאופיטים- כלניות- אלפי פרטים, 300 על 100 מטר סביב הערוצים","Point","3868072.437144139781594","3670738.299611578695476"
"","","","Feature","אשחר רחב-עלים - פרט גדול","Point","3872830.242852039635181","3667445.067866337951273"
"","","","Feature","עץ שיזף מצוי","Point","3869748.681989255361259","3669082.825848339125514"
"","","","Feature","שיטה סלילנית","Point","3868094.549693183042109","3667475.250150381121784"
"","","","Feature","לימן עם עצים וצמחייה עונתית עשירה- אתר קינון ונקודת צל","Point","3872851.386700087692589","3669915.562971813604236"
"","","","Feature","תל באר שבע","Point","3878894.259891173802316","3664422.22815137822181"
"","","","Feature","שום אשרסון, קדד נאה, אירוס א""י","Point","3877356.938688781578094","3671226.757265696767718"
"","","","Feature","מבתר רכבת לעומק כשלושה מטרים בגבעה","Point","3867029.23887301934883","3667119.015961564145982"
"","","","Feature","ריכוז אירוס שחום- 50+ פרטים, 100 על 50 מטר","Point","3871959.066944623365998","3673204.301686901133507"
"","","","Feature","ריכוז גיאופיטים- עירית גדולה- מאות פרטים, 10 על 30 מטר","Point","3872663.659042034298182","3669049.570910264272243"
"","","","Feature","עץ אשל","Point","3870875.361288533546031","3664142.366029358003289"
"","","","Feature","שמשון הדור וצבעונים","Point","3875804.588369279168546","3668098.994377944152802"
"","","","Feature","שום אשרסון ושום נוסף ב.מ.","Point","3874345.857753853313625","3671577.983480973169208"
"","","","Feature","חישת קנים ושיחי מלוח קיפח נרחבת","Point","3868382.707120776176453","3667319.51160015584901"
"","","","Feature","טראסה רדודה בערוץ הנחל (חקלאות עתיקה)","Point","3868189.101868842728436","3662775.454885372426361"
"","","","Feature","מספר פרטים של צמר מפוצל - לא שכיח במרחב הסקר","Point","3868852.276904439087957","3666478.952846392057836"
"","","","Feature","תצפית","Point","3872552.389452028553933","3673261.820130796171725"
"","","","Feature","שתי מאורות בשפך עפר","Point","3868930.308393405750394","3663755.508980876766145"
"","","","Feature","קיר מלאכותי לצד כביש 40 עם קינון בז אדום","Point","3876861.078087933827192","3670571.39962422568351"
"","","","Feature","ריכוז עצי אשל היאור על ערוץ נחל עשן","Point","3869615.297382261604071","3670446.126315757166594"
"","","","Feature","קיר עפר ותלכיד - חתך גיאולוגי","Point","3878189.859437580686063","3664607.242463047150522"
"","","","Feature","מבנה חרב המשולב בפארק. אתר פוטנציאלי לחרדונים","Point","3874571.917167492676526","3663469.558071522042155"
"","","","Feature","ריכוז גיאופיטים- כלניות- אלפי פרטים, 500 על 500 מטר","Point","3869989.812561288010329","3670678.117681068833917"
"","","","Feature","ריכוז גיאופיטים- כלניות- מאות פרטים, 50 על 20 מטר","Point","3871505.905905267689377","3670437.110219493974"
"","","","Feature","מאגורה חצובה בסלע- 8 על 5 מטר","Point","3874102.197051483672112","3671813.932149575091898"
"","","","Feature","חווה ביזנטית","Point","3868963.226387872360647","3668156.561294122599065"
"","","","Feature","עץ דקל התמר בסמוך לערוץ הנחל","Point","3875877.548558152746409","3670348.955888111609966"
"","","","Feature","מחצבה נטושה עם קינון ציפורים ומחילות בע""ח","Point","3872226.724575282074511","3669446.97317929379642"
"","","","Feature","עצי דקל התמר- 2 פרטים+ עצי וושינגטוניה- 2 פרטים","Point","3871598.204983706586063","3669707.965633319225162"
"","","","Feature","עץ שיזף מצוי","Point","3869006.406845527235419","3668950.004834541119635"
"","","","Feature","ריכוז פריחה - נורית אסיה","Point","3872707.012254898436368","3666536.713683359324932"
"","","","Feature","ריכוז אטדים","Point","3870009.110154548659921","3670555.555938497185707"
"","","","Feature","מאגורה גדולה חצובה בסלע- 10 על 7 מטר","Point","3874383.840604330413043","3670615.139729617163539"
"","","","Feature","ריכוז משמעותי של שלהבית קיצרת-שיניים, עפעפית מצרית. מאורת דרבן","Point","3871863.433152693789452","3671156.930094545241445"
"","","","Feature","ערוץ חתור בבתרונות הלס לאורך מאות מטרים","Point","3869274.033593374304473","3661856.002461589407176"
"","","","Feature","שיזף מצוי","Point","3867435.071396091487259","3669297.435825896449387"
"","","","Feature","בור מים משופץ","Point","3874121.549030032940209","3672918.754262214992195"
"","","","Feature","מקבץ שיחי מתנן, עירית גדולה","Point","3868809.044558265712112","3662389.871227150317281"
"","","","Feature","אלת המסטיק","Point","3872770.241649374831468","3667598.615755216684192"
"","","","Feature","מחשוף סלע, בבסיסו כוך רדוד וארוך. יש פריחת נץ-חלב דק-עלים.","Point","3876602.192527527920902","3664388.576403586193919"
"","","","Feature","משיין גליליני","Point","3876294.950756313744932","3666372.500840239226818"
"","","","Feature","סכר ובתרונות בנחל עם מחילות בע""ח","Point","3872611.485404051374644","3670460.28615082334727"
"","","","Feature","ריכוז יפרוק המדבר","Point","3871318.969460840336978","3669046.7132030823268"
"","","","Feature","מעביר מים - קן סנונית מערות, לטאה","Point","3872909.391022639814764","3669445.898088268004358"
"","","","Feature","שיזף מצוי","Point","3868324.607654010877013","3668504.303480881266296"
"","","","Feature","תמר בגובה 2.5 מ', שיזף, קירות עפר","Point","3872088.521181984338909","3671237.309581791982055"
"","","","Feature","ריכוז צמחייה סבוכה במורד נחל כתף. האתר נצפה מרחוק (בשל קושי לחצות את נחל באר שבע הזורם)","Point","3876435.979826070833951","3664115.612982587888837"
"","","","Feature","לימן עם עצים וצמחייה עונתית, אתר קינון ונקודת צל","Point","3872910.619421344716102","3669305.431973586324602"
"","","","Feature","ריכוז גיאופיטים- כלניות וצבעונים- אלפי פרטים, 100 על 50 מטר","Point","3876708.539789077360183","3667994.07636087294668"
"","","","Feature","גב, עומק משוער כמטר אחד. בתחום משטח סלע יפה באפיק נחל באר שבע","Point","3877845.896147706545889","3664393.834631264675409"
"","","","Feature","ריכוז גאופיטים- כלניות וצבעונים- אלפי פרטים, 200 על 50 מטר","Point","3874392.499495214316994","3670721.733603859785944"
"","","","Feature","פסגת גבעת חבלנים","Point","3873271.958700473885983","3657832.417432908434421"
"","","","Feature","מערה - פעילות יונים. אורך הפתח 5 מ' והעומק מהפתח 5 מ'","Point","3874659.778719114605337","3672218.710594717413187"
"","","","Feature","ריכוז אירוס שחום- 50+ פרטים, 100 על 100 מטר","Point","3871173.043041811790317","3673249.885866220574826"
"","","","Feature","צמר מפוצל - מאות פרטים","Point","3873414.558853761292994","3672708.593556095380336"
"","","","Feature","כתם עדעד המדבר","Point","3874595.436115864198655","3669101.24543467676267"
"","","","Feature","מחצבה נטושה עם קינון ציפורים ומחילות בע""ח- 50 על 20 מטר","Point","3871610.855151063762605","3669100.199784778989851"
"","","","Feature","עץ שיזף מצוי","Point","3871204.436703946441412","3669081.43880283087492"
"","","","Feature","ריכוז נורית אסיה","Point","3876344.487961492501199","3672404.499000766314566"
"","","","Feature","שרידי מישורי לס לא מופרים בין נטיעות של קק""ל- בית הגידול המקורי בשטח עם מינים אופיניים","Point","3869014.909463735762984","3671204.732274986803532"
"","","","Feature","מערה חצובה בסלע- 8 על 4 מטר","Point","3870052.108690302353352","3671308.417560077738017"
"","","","Feature","חורשת אלות אטלנטיות עם עצים נוספים","Point","3876917.074601536151022","3667167.537713744677603"
"","","","Feature","חישת קנים גדולה. יש מים עומדים.","Point","3869847.761860330123454","3664884.670614486560225"
"","","","Feature","שקע ובו ריכוז גדול של מתנן שעיר","Point","3870337.354179268237203","3658751.451529039535671"
"","","","Feature","עצי שיטה סלילנית- 5 פרטים","Point","3867557.762520871590823","3668576.618113829754293"
"","","","Feature","אירוס שחום, צבעונים","Point","3875875.276263401843607","3667693.558510494884104"
"","","","Feature","אלת המסטיק","Point","3872875.995177382603288","3667705.930969589389861"
"","","","Feature","ריכוז עצי בר בחווה: שיזף מצוי- 10, שיטה סלילנית- 2","Point","3868025.537740194238722","3668265.770774831529707"
"","","","Feature","חלקה מגודרת - ריכוז פריחה","Point","3871997.907013644929975","3664414.356475038453937"
"","","","Feature","שרידי מבנה ישן","Point","3870096.691600666381419","3670195.63645362155512"
"","","","Feature","שני אקליפטוסים גדולים בנחל. לצידם כלניות בודדות ומעט צמר מפוצל","Point","3867508.778978553600609","3667083.866468305233866"
"","","","Feature","שלהבית קיצרת-שיניים","Point","3875904.108012824784964","3667910.405669114552438"
"","","","Feature","תמר 2.5 מ'","Point","3867138.255390644073486","3665122.614255369640887"
"","","","Feature","קדד נאה וצבעונים","Point","3876744.570151327643543","3673984.465837763156742"
"","","","Feature","אוכלוסיית דרבנים","Point","3873724.789181963540614","3671772.72787288017571"
"","","","Feature","תצפית לסביבה. השטח מופר בעבודות עפר","Point","3867344.131189450621605","3665218.02005704306066"
"","","","Feature","עצי שיזף מצוי- 2 פרטים","Point","3871164.210933594033122","3669077.277561876922846"
"","","","Feature","גבים בנחל במחשופי סלע","Point","3869621.069354889914393","3670764.676957563031465"
"","","","Feature","המצוק הגדול בנחל עשן","Point","3869517.975610819645226","3671016.94109843345359"
"","","","Feature","מחצבה נטושה- 50 על 30 מטר עם קינון ציפורים","Point","3870125.971452397294343","3669931.727182471193373"
"","","","Feature","דקל התמר","Point","3868057.902103804517537","3668532.046058285515755"
"","","","Feature","עצי שיזף מצוי- 10 פרטים","Point","3869684.645655206870288","3668680.606003223918378"
"","","","Feature","שיטה סלילנית","Point","3867998.275852653663605","3667415.495258819311857"
"","","","Feature","עץ שיטה סלילנית","Point","3868726.114822955802083","3669007.266433589160442"
"","","","Feature","שום קולמן","Point","3870701.257602717261761","3668499.624423344619572"
"","","","Feature","אירוס שחום","Point","3875939.952935402281582","3667294.647610812447965"
"","","","Feature","קיר עפר עם קינון ציפורים ומכרסמים- 20 על 5 מטר","Point","3870940.774820752907544","3662334.020833200775087"
"","","","Feature","ריכוז חצבים","Point","3873339.41830983152613","3658362.027101492509246"
"","","","Feature","שרידי מבנה ישן","Point","3870213.870338003151119","3671341.947581444401294"
"","","","Feature","ריכוז קורנית מקורקפת ושמשון הדור - נדירים במרחב באר שבע","Point","3874607.117947553284466","3670715.728951849974692"
"","","","Feature","לימן עם עצים וצמחייה עונתית, אתר קינון ונקודת צל","Point","3872768.161017072852701","3670581.367847051937133"
"","","","Feature","ריכוז נוריות אסיה וצבעונים","Point","3876769.060502191074193","3674332.383009947836399"
"","","","Feature","ריכוז עירית גדולה","Point","3877476.273181500844657","3666235.506504317745566"
"","","","Feature","מספר צמחי סירה קוצנית (נדיר בבאר שבע)","Point","3877858.449501981027424","3664358.685091687832028"
"","","","Feature","ריכוז שום (כנראה שום קטוע)","Point","3873297.673496364615858","3664153.433095075190067"
"","","","Feature","מאגורה מדהימה,יש למעלה בטון בולט ומכסה מברזל.במאגורה יש מים צלולים מאד.צמוד לבדווים,יש חבל ודלי.","Point","3875618.160594987682998","3673360.728832120541483"
"","","","Feature","בור - לא נבדק בשטח בשל מאהלי בדווים","Point","3867629.390092385467142","3663225.61425144597888"
"","","","Feature","ריכוז כלניות - עשרות פרטים בשדה","Point","3876977.673152606934309","3664759.007867697626352"
"","","","Feature","מעט אירוס שחום","Point","3876203.33482512133196","3667398.053271893877536"
"","","","Feature","בית ארבעת המרחבים (משועתק), משולט","Point","3874167.748842504806817","3670388.08503592107445"
"","","","Feature","קדד נאה","Point","3875445.805713681969792","3671953.45222301594913"
"","","","Feature","מצוק מלאכותי ובו שכבות סלע, גובה כ- 3 מ'","Point","3877045.800676897168159","3664309.804184124805033"
"","","","Feature","ריכוז שום בלתי מזוהה","Point","3872067.036519570741802","3664351.729107578285038"
"","","","Feature","לימן עם שיטים סלילניות","Point","3872453.829804594628513","3673576.803092163521796"
"","","","Feature","ריכוז עצי שיזף מצוי- 20 פרטים","Point","3867606.201922176405787","3669142.155609608162194"
"","","","Feature","תעלות קשר ממלחמת העולם הראשונה","Point","3867786.011135496664792","3665363.63965507177636"
"","","","Feature","מחשוף סלע","Point","3871929.445596657227725","3661168.701032945420593"
"","","","Feature","שלהבית קיצרת-שיניים","Point","3870917.774007970001549","3670025.030001909006387"
"","","","Feature","עץ שיזף מצוי","Point","3869321.41114699607715","3668951.199209368787706"
"","","","Feature","סלעים גדולים","Point","3877870.121552095282823","3664367.223169332370162"
"","","","Feature","ריכוז שיזפים","Point","3868708.527389807626605","3668155.519328116904944"
"","","","Feature","מחצבה נטושה עם קינון ציפורים ומחילות בע""ח","Point","3871549.823038745671511","3669148.748066932894289"
"","","","Feature","מדרון אבני ששמר על אופי טבעי יחסית. ריכוז עכובית הגלגל ושבר לבן","Point","3875124.901405293960124","3663604.558847891632468"
"","","","Feature","עץ שיזף מצוי","Point","3871320.95246621593833","3669017.632502282503992"
"","","","Feature","קיר עפר עם תלכיד נחלים+ עץ שיזף סמוך","Point","3868165.685074508655816","3669454.908080424182117"
"","","","Feature","אירוס שחום","Point","3875996.837170435581356","3667159.07562439609319"
"","","","Feature","מחשוף סלע באורך כעשרה מטרים","Point","3874613.358560872729868","3663817.782162744086236"
"","","","Feature","ריכוז שיחי רותם גדולים- 10 פרטים+ עץ שיזף מצוי","Point","3872046.402496242430061","3669494.134342779871076"
"","","","Feature","שיזף מצוי","Point","3867811.256103744730353","3668905.829775532241911"
"","","","Feature","ריכוז אירוס שחום- 20+ פרטים, 10 על 20 מטר","Point","3876257.054785531945527","3667379.538847112096846"
"","","","Feature","שלהבית קיצרת-שיניים","Point","3869455.369853098411113","3673047.614558581728488"
"","","","Feature","שיטה סלילנית","Point","3867903.604361875448376","3667452.136445962823927"
"","","","Feature","חורשה מעורבת של אקליפטוסים, שיטת עלי ערבה ועוד..","Point","3870039.9715974945575","3669007.9229582301341"
"","","","Feature","ריכוז שום צנוע ושום ירקרק","Point","3870667.639102320652455","3668482.301717158872634"
"","","","Feature","מאגורה עתיקה","Point","3874294.582310935016721","3670562.19148137094453"
"","","","Feature","כתם פריחה של שום האבקנים והרבה שום הלענה","Point","3870367.633101569022983","3669853.866733801551163"
"","","","Feature","ריכוז זמזומיות","Point","3872677.957794934976846","3666535.541616795584559"
"","","","Feature","מחשוף סלע","Point","3875816.165564918424934","3660665.610533307306468"
"","","","Feature","ריכוז כלניות- אלפי פרטים, 100 על 50 מטר","Point","3873765.396366885863245","3671744.661085834726691"
"","","","Feature","מחצבה נטושה עם קינון ציפורים ומחילות בע""ח- 20 על 15 מטר","Point","3871375.049167205579579","3668893.522945206146687"
"","","","Feature","גינה קהילתית","Point","3872873.880118351429701","3667501.329478378407657"
"","","","Feature","שיח רכפתן מדברי","Point","3871421.768569921609014","3669898.705041105858982"
"","","","Feature","בתרונות לס","Point","3868954.988775021396577","3659209.042129914741963"
"","","","Feature","חרובים","Point","3875012.921286462806165","3665187.524492583237588"
"","","","Feature","חישת קנים","Point","3869896.720160917378962","3664961.24638899927959"
"","","","Feature","ריכוז סתוונית הנגב","Point","3867491.360066298861057","3661817.086708342656493"
"","","","Feature","מעגל אבנים סביב עמוד בטון","Point","3871284.095759061630815","3672263.136744434479624"
"","","","Feature","שום בלתי מזוהה ערבתי/ירקרק ומקבץ עדעד המדבר","Point","3870622.666060323826969","3670105.923111875075847"
"","","","Feature","זרימת מים הנחל","Point","3867382.19615594483912","3668143.07691294234246"
"","","","Feature","מחשוף קירטון לאורך הגדה הצפונית של הנחל","Point","3867528.184002821333706","3662735.760169408284128"
"","","","Feature","אנדרטה","Point","3873022.936945125460625","3670125.332248001825064"
"","","","Feature","ריכוז חצב מצוי","Point","3873347.321898561902344","3658370.269147017970681"
"","","","Feature","עץ שיזף מצוי וותיק","Point","3867987.824351876974106","3670152.252580194734037"
"","","","Feature","מחשוף קירטון ובתת סירה","Point","3876368.421646772418171","3671022.878722772467881"
"","","","Feature","שדרת עצי אשל הפרקים עתיקים","Point","3871915.944059077650309","3662575.872404624242336"
"","","","Feature","מצוק בגובה כ 4 מ' ובו כוך רדוד","Point","3872731.279892414808273","3668460.941434336826205"
"","","","Feature","ציפורן יהודה","Point","3874451.455716208089143","3670728.282246717717499"
"","","","Feature","מבנה חרב ובתוכו שקע, ייתכן שרידי באר","Point","3876602.749156767968088","3664346.260667574591935"
"","","","Feature","שיזף מצוי 5 מ'","Point","3867540.162515286821872","3666871.713913199491799"
"","","","Feature","קדד נאה ושמשון הדור","Point","3876090.456847308669239","3673640.858533379156142"
"","","","Feature","מאגורה - קינון יונים, ריכוז טבק השיח (פולש)","Point","3875209.681278303731233","3670570.10939185321331"
"","","","Feature","מצוק בגובה כ- 5 מ'","Point","3872292.792369123548269","3666044.211834936868399"
"","","","Feature","מצוקון קטן עם מחילות בעלי חיים- דרבנים, זוחלים ועוד..","Point","3871729.227949729189277","3670258.868692415766418"
"","","","Feature","שיזף מצוי","Point","3867772.21365793608129","3669123.643507581204176"
"","","","Feature","שלושה שיחי מלוח גדולים במרחק כמה מטרים אחד מהשני, בשולי הכביש. לא נדיר בב""ש, אך נקודת עניין כמעט יחידה במזרח עמק שרה","Point","3877543.56366298859939","3663341.309747872408479"
"","","","Feature","כלניות - עשרות פרטים, שלהבית קיצרת-שיניים","Point","3875865.702784574590623","3667722.861920895986259"
"","","","Feature","אתר פריחה - שמשונים, צבעונים, קדד ב""ש, שום מזרחי, נץ-חלב צרפתי","Point","3876728.651481094304472","3670600.93249362334609"
"","","","Feature","ריכוז עירית גדולה - אלפי פרטים","Point","3876505.01057364186272","3666930.78144520893693"
"","","","Feature","ריכוז גיאופיטים- כלניות- אלפי פרטים, 300 על 100 מטר","Point","3871219.694646442774683","3668987.845317939762026"
"","","","Feature","שבעה מגדלים פיסוליים בפארק הדסה","Point","3873442.166124136652797","3668392.562730770092458"
"","","","Feature","מעביר מים גדול - קן סנונית, קוץ דרבן","Point","3873509.291781191714108","3670110.612510463688523"
"","","","Feature","ריכוז גיאופיטים- כלניות- אלפי פרטים, 200 על 100 מטר","Point","3868968.136429216247052","3670231.000243281014264"
"","","","Feature","תצפית","Point","3872859.519954604096711","3669607.286278430838138"
"","","","Feature","אתר ארכיאולוגי","Point","3873899.241835567634553","3670487.346578502561897"
"","","","Feature","שלושה שיזפים, ינבוט המסקיטו","Point","3874837.221959418151528","3670597.154816530644894"
"","","","Feature","בור בעומק כשני מטרים במחשוף סלע","Point","3874069.832189811393619","3670752.133758062496781"
"","","","Feature","סתווניות הנגב","Point","3878226.121235421393067","3670784.09112322004512"
"","","","Feature","שטח חרוש ובו שום הנגב, מצולות ארוכות-עוקץ, ערטנית השדות, זמזומית ב""מ","Point","3869851.527913894038647","3664985.097792638000101"
"","","","Feature","שום, ייתכן שום הפטמות","Point","3878392.766558133997023","3672904.943168528843671"
"","","","Feature","קצה דרומי תעלות הגנה טורקיות","Point","3867467.366548952646554","3662768.964483299292624"
"","","","Feature","מצוקון עם מחילות בעלי יונקים, כנראה דרבנים","Point","3876493.560652843676507","3668129.632694037631154"
"","","","Feature","אתר ארכיאולוגי","Point","3874348.010731958318502","3670443.156442049425095"
"","","","Feature","עץ אשל","Point","3870929.796580705326051","3664154.47466148994863"
"","","","Feature","שמשון הדור וצבעונים","Point","3875879.283756799064577","3668108.501926330383867"
"","","","Feature","אגם בשלבי הקמה (בעבר בריכות חמצון שנהרסו לחלוטין בפיתוח הפארק)","Point","3876846.501511297188699","3663565.273773887194693"
"","","","Feature","ריכוז פריחה של שום, כנראה שום דרומי","Point","3875051.508354826364666","3670508.597688385285437"
"","","","Feature","תמר וחרוב צעירים - נטועים","Point","3866811.866945868823677","3664793.71508519584313"
"","","","Feature","מחצבה נטושה עם קינון ציפורים ומחילות בע""ח- 50 על 20 מטר","Point","3872261.401968524325639","3669308.263863306958228"
"","","","Feature","עצי שיטה סלילנית- 2 פרטים","Point","3871134.990142552182078","3668265.974655906669796"
"","","","Feature","אירוס שחום","Point","3874226.968593650963157","3671416.699614989571273"
"","","","Feature","זרימת עודפי נגר עירוני","Point","3874108.479325908236206","3664682.48416211316362"
"","","","Feature","מערות חפורות","Point","3876508.7955306568183","3674703.635825695004314"
"","","","Feature","תצפית","Point","3873520.646388192195445","3668692.911073643248528"
"","","","Feature","עץ שיטה סלילנית","Point","3868620.937398367095739","3668807.581247258931398"
"","","","Feature","ריכוז פריחה קטן של עדעד המדבר","Point","3874319.645029793027788","3670778.495865546166897"
"","","","Feature","ריכוז דליל של עירית גדולה","Point","3866877.342651779297739","3666837.819742548745126"
"","","","Feature","מקבץ סתוונית הנגב","Point","3872557.287460475694388","3658016.036507123149931"
"","","","Feature","שום קולמן (בודדים)","Point","3872273.645456908270717","3666081.97569582099095"
"","","","Feature","ארבע וושינגטוניות בגובה 8-7 מ'","Point","3872097.315405468456447","3664454.068423899821937"
"","","","Feature","בור סיד/כבשן עם ריכוז זוחלים","Point","3874347.712076524738222","3670636.040518115274608"
"","","","Feature","ריכוז מאורות","Point","3876402.559598324354738","3674249.203431350644678"
"","","","Feature","שיזף מצוי","Point","3868384.842088660690933","3668666.662857610732317"
"","","","Feature","חורשת אלות אטלנטיות","Point","3876039.417321066837758","3667415.424190801102668"
"","","","Feature","שיזף מצוי","Point","3872042.292287051677704","3671226.113952381070703"
"","","","Feature","עצי אשל הפרקים וותיקים","Point","3871461.502079201862216","3662581.5454165879637"
"","","","Feature","עץ שיזף מצוי","Point","3872299.903620733413845","3673867.943494002334774"
"","","","Feature","שיטה סלילנית","Point","3868143.244218041189015","3667258.003739613108337"
"","","","Feature","מחשוף קירטון, פחות מרשים מהמחשוף המערבי יותר","Point","3867911.311737014912069","3662828.676379182841629"
"","","","Feature","מעביר מים בשביל השחור מתחת לכביש- עם קינון של סנונית מדבר","Point","3873269.749955061357468","3671173.174926692154258"
"","","","Feature","ריכוז נץ-חלב דק-עלים","Point","3873204.276347231119871","3664351.729169957805425"
"","","","Feature","עץ שיטה סלילנית","Point","3869724.304644305258989","3668243.056752434931695"
"","","","Feature","ריכוז מצילות מצוייצות ומעט מצילות ארוכות-עוקץ","Point","3876245.524866884574294","3673497.137923325411975"
"","","","Feature","ריכוז עצי שיטה סלילנית על ערוץ הנחל- 20 פרטים","Point","3867378.613228466361761","3668184.878344279248267"
"","","","Feature","ערוץ חתור בבתרונות הלס לאורך מאות מטרים","Point","3869013.118457823526114","3662279.178159537725151"
"","","","Feature","שום דרומי?","Point","3874435.136286922730505","3671711.213811048306525"
"","","","Feature","בריכה עונתית","Point","3870690.125722516793758","3661247.192767631728202"
"","","","Feature","קדד נאה","Point","3876545.196933342609555","3674491.620276492554694"
"","","","Feature","בור סיד עם מחילות בע""ח","Point","3869112.129237145651132","3671009.632960530929267"
"","","","Feature","מחצבה נטושה עם קינון ציפורים- 50 על 30 מטר","Point","3871153.114204665180296","3669215.328633607830852"
"","","","Feature","ריכוז עדעד המדבר","Point","3871754.11737277219072","3671088.9271868490614"
"","","","Feature","דקל התמר","Point","3872086.27123520988971","3671241.946346704382449"
"","","","Feature","עץ שיזף מצוי","Point","3872090.789394123945385","3669675.843709737993777"
"","","","Feature","מעביר מים בערוץ","Point","3869114.6430450133048","3666211.565386040136218"
"","","","Feature","אירוס שחום","Point","3876125.967781722079962","3667052.285981222055852"
"","","","Feature","גבים עונתיים בתעלת מים","Point","3869145.901711317710578","3658987.793202487751842"
"","","","Feature","מחשוף סלע","Point","3869205.754487432539463","3670134.363778117112815"
"","","","Feature","שלולית בערוץ נחל לון. אותרו ראשנים במרץ 2013. סביר שהמקום משמש כמלכודת אקולוגית ולא מאפשר השלמת גלגול","Point","3868919.817905711941421","3665383.718146780505776"
"","","","Feature","תצפית 360 מעלות","Point","3867722.186776630580425","3667225.719881582539529"
"","","","Feature","אשל בערוץ ולידו פזורת אבני צור","Point","3869423.313366718124598","3661861.194790700916201"
"","","","Feature","מחשוף קירטוני יפה בגדה המערבית של ""נחל לון""","Point","3868633.600292684976012","3665275.758960391860455"
"","","","Feature","ארבעה שיזפים קטנים","Point","3876453.135674456134439","3667133.1595468246378"
"","","","Feature","אירוס שחום - גושים בודדים ב- 2014","Point","3873539.348086779471487","3672860.513426810503006"
"","","","Feature","חישת קנים","Point","3873612.373698293231428","3670027.895709245465696"
"","","","Feature","ריכוז קרדריה מצויה","Point","3877408.368260110262781","3664504.847713945433497"
"","","","Feature","בור מגודר בעומק 5 מ'","Point","3875788.335673821158707","3667869.901208231691271"
"","","","Feature","4 עצי שיטה סלילנית","Point","3872123.213550775777549","3672539.324389714747667"
"","","","Feature","ריכוז יפרוק תלת-כנפי","Point","3875864.032995137851685","3660676.544251516927034"
"","","","Feature","מחצבה נטושה עם קינון ציפורים ומחילות בע""ח","Point","3872144.886132954619825","3669202.844850879628211"
"","","","Feature","מחשוף סלע לבן עם מחילות בע""ח וקינון ציפורים","Point","3870402.473046672530472","3671071.705517469905317"
"","","","Feature","מחשוף סלע לבן עם קינון ציפורים- 50 על 20 מטר","Point","3870780.67958363192156","3670965.805352963507175"
"","","","Feature","חמד המדבר - פרטים בודדים","Point","3872641.66772084357217","3660279.68324434151873"
"","","","Feature","סומקן דוקרני - פרט בודד","Point","3866928.811661898158491","3664804.168255466967821"
"","","","Feature","מחשופי סלע","Point","3872010.040950253605843","3658270.583343824837357"
"","","","Feature","שיטה סלילנית","Point","3868018.309794613625854","3668620.285308495629579"
"","","","Feature","חרבת מטר","Point","3871033.303844669833779","3663235.149104695767164"
"","","","Feature","גשר. אתר של המועצה לשימור מבנים ואתרי התיישבות","Point","3874279.48884194297716","3663264.204956179484725"
"","","","Feature","מחצבה נטושה עם קינון ציפורים ומחילות בע""ח","Point","3872243.369648355524987","3669219.48991651693359"
"","","","Feature","מקבץ קטן של גלונית, ובשטח החרוש הסמוך מעט ערטנית השדות. לא נדירים בב""ש אבל כן בעמק שרה.","Point","3876005.333032515831292","3663291.982396339531988"
"","","","Feature","עץ שיזף מצוי","Point","3872088.015268528368324","3669799.294995014555752"
"","","","Feature","מחצבת גיר נטושה עם קינון ציפורים- 30 על 15 מטר","Point","3871032.437074976973236","3669152.909355484880507"
"","","","Feature","שרידי מוצב טורקי - לא נראה שיש לו זכר בשטח ולא נכלל בדפדפת גן לאומי תל באר שבע","Point","3878422.288651512470096","3664550.947661464568228"
"","","","Feature","פסגת גבעות גורל - נקודת גובה 473 מ'","Point","3876504.342729283496737","3674794.463508591987193"
"","","","Feature","עצי שיזף מצוי- 3 פרטים","Point","3868741.652017406653613","3670176.895963510964066"
"","","","Feature","ריכוז אירוס שחום- 20+ פרטים, 20 על 20 מטר","Point","3874192.725844673346728","3672035.831320679746568"
"","","","Feature","מחשוף סלע לבן עם מחילות בע""ח וקינון ציפורים","Point","3869921.845058460719883","3671048.818357010837644"
"","","","Feature","שיטה סלילנית","Point","3871368.428590392228216","3672245.955152745824307"
"","","","Feature","ריכוז גיאופיטים- כלניות- אלפי פרטים, 100 על 20 מטר","Point","3870022.661235491745174","3670538.488991990685463"
"","","","Feature","ריכוז עדעד המדבר","Point","3869067.905403973534703","3663673.729711822234094"
"","","","Feature","ריכוז שיכרון מרושת בערוץ","Point","3874814.989138744305819","3663060.923304306343198"
"","","","Feature","קיר חצוב עם תלכיד נחלים ומחילות בע""ח- 10 על 5 מטר","Point","3872038.079955087043345","3669313.812312552239746"
"","","","Feature","אירוס שחום","Point","3876045.929056080058217","3667158.945316232275218"
"","","","Feature","קבוצת אורנים יבשים","Point","3868107.576344302389771","3666652.029397436883301"
"","","","Feature","שיטה סלילנית","Point","3868257.89968845853582","3667619.885194872505963"
"","","","Feature","כוך באורך 1.5 מ', גובה 20 ס""מ ועומק לפחות מטר","Point","3875136.226210627239197","3670866.943223457317799"
"","","","Feature","חורשת עצים נטועים - אקליפטוסים, תמרים ועוד","Point","3877293.721154340077192","3662065.093243647366762"
"","","","Feature","שיחיית מתנן","Point","3870339.357987903058529","3658893.438147068023682"
"","","","Feature","עץ אורן בודד בערוץ","Point","3868400.106902070809156","3665352.33472905587405"
"","","","Feature","עץ שיזף מצוי","Point","3869851.692983226850629","3668403.300880265887827"
"","","","Feature","מחשופי סלע נמוכים","Point","3873354.557694555725902","3668560.709987228736281"
"","","","Feature","בור מים נטוש חצוב בסלע עם קשת אבן","Point","3871313.323490183334798","3669025.955057724379003"
"","","","Feature","חלקות בעל על מדרונות הבסיס הנטוש","Point","3872131.015208986587822","3669080.780555524397641"
"","","","Feature","ריכוז קורנית מקורקפת, כעשרה דונם","Point","3874131.901713867671788","3671416.048245059791952"
"","","","Feature","שום ערבתי - עשרות פרטים","Point","3870828.941106523852795","3668374.719158299732953"
"","","","Feature","עצי שיזף- 3 פרטים","Point","3869473.501274834852666","3669601.577302957419306"
"","","","Feature","מעט אירוס שחום","Point","3876187.08220202382654","3667509.925019612535834"
"","","","Feature","מחשוף סלע- מצוק עם קינון ציפורים","Point","3871132.474954968318343","3668309.221187101211399"
"","","","Feature","באר עמוקה בתל באר שבע. כנראה אתר קינון יונים","Point","3878492.396368401125073","3664553.262929766904563"
"","","","Feature","ריכוז שום אשרסון","Point","3876704.049841276369989","3674436.629715310409665"
"","","","Feature","קדד נאה וצמר מפוצל","Point","3877882.811934844125062","3671034.082152466289699"
"","","","Feature","ריכוז פשתנית ססגונית","Point","3876227.379794356878847","3664112.420109742786735"
"","","","Feature","אוכלוסיית יונקים","Point","3876788.563347490038723","3666776.405208324082196"
"","","","Feature","בור מים - קינון יונים","Point","3874225.494376924354583","3670802.347437357995659"
"","","","Feature","שיטה סלילנית","Point","3872391.013360569253564","3673430.60008119372651"
"","","","Feature","ריכוז גדול מאוד של שיחי מלוח קיפח לצד הערוץ","Point","3869014.572221891023219","3666943.635946429800242"
"","","","Feature","סתוונית הנגב וכן קדד לא מזוהה","Point","3869198.744716092478484","3662035.138208345510066"
"","","","Feature","עץ שיטה סלילנית וותיק","Point","3869442.4485226823017","3668879.471369042526931"
"","","","Feature","מערה רדודה ושום אשרסון","Point","3876460.148907689843327","3674694.904915218241513"
"","","","Feature","ריכוז כחלית ההרים - עשרות פרטים","Point","3869345.625716372858733","3665190.973711642436683"
"","","","Feature","מאגורה גדולה חצובה בסלע- 20 על 5 מטר","Point","3874366.522759363986552","3670683.514958154875785"
"","","","Feature","עצי ברוש ותיקים","Point","3870793.98676118766889","3664297.56519812811166"
"","","","Feature","באר לאה. באר יפה ומבוטנת בעומק של כ 25 מטר. מכוסה בסובך ברזל ולידה מבנה בטון שמקל על זיהויה. דיוק מיקום לפי הסיור בשטח.","Point","3869510.648531027138233","3661534.433041854761541"
"","","","Feature","ריכוז אירוס שחום- 50 פרטים","Point","3875977.610689076595008","3667155.956350152846426"
"","","","Feature","חפירה עגולה בגבעה, כנראה חלק משרידי מערך ההגנה הטורקי","Point","3868078.10245460877195","3665178.28826455026865"
"","","","Feature","צבעונים, נורית אסיה, שמשון הדור וצהרון מצוי","Point","3876679.670922406483442","3674130.016574639361352"
"","","","Feature","בור עמוק","Point","3877668.299257893115282","3664879.970168145839125"
"","","","Feature","עץ שיזף מצוי","Point","3870749.230869456194341","3668204.146641173865646"
"","","","Feature","עץ שיטה סלילנית וותיק","Point","3867464.813848659396172","3669298.44886402413249"
"","","","Feature","שדרת עצי אשל הפרקים וותיקים לאורך ערוץ הנחל- 100+ פרטים","Point","3867490.282886014319956","3667722.673187684733421"
"","","","Feature","ריכוז אכיליאה","Point","3876664.754103471059352","3664754.580854490399361"
"","","","Feature","בור מים סתום בערוץ הנחל","Point","3870935.012858676724136","3673155.122852645348758"
"","","","Feature","שיזף מצוי וותיק","Point","3869069.254370724316686","3669765.595113847404718"
"","","","Feature","בתרונות בערוץ עם חישה צפופה של אשלים ומלוח","Point","3871257.868973668199033","3662595.280188486911356"
"","","","Feature","מחשוף סלע- קירטון בערוץ עם גבי מים","Point","3869262.291836122982204","3668931.791310593951494"
"","","","Feature","רכפתן מדברי","Point","3872539.692095924634486","3670057.615044486243278"
"","","","Feature","עצי שיזף מצוי- 3 פרטים","Point","3869173.612930894829333","3668913.279244894627482"
"","","","Feature","קיר עפר בגובה כחמישה מטרים, מתאים לקינון","Point","3874322.684907468035817","3662937.343178922310472"
"","","","Feature","שיטה סלילנית","Point","3869524.232303564902395","3673450.25675775622949"
"","","","Feature","נקודת תצפית","Point","3873203.504830558784306","3659752.551739983726293"
"","","","Feature","עצי שיזף מצוי- 2 פרטים","Point","3872287.460552497301251","3670546.739396113436669"
"","","","Feature","קורנית מקורקפת - ריכוז","Point","3878617.186601205728948","3673036.148678720463067"
"","","","Feature","בתרון לס (לא משמעותי)","Point","3867786.695506156887859","3662726.127670756541193"
"","","","Feature","עץ שיזף מצוי וותיק","Point","3872273.571551097091287","3670225.916755270212889"
"","","","Feature","עצי אשל הפרקים וותיקים","Point","3868113.311477280221879","3668703.120849213562906"
"","","","Feature","ריכוז חמד המדבר","Point","3877184.170804331079125","3664330.766685179900378"
"","","","Feature","עץ שיטה סלילנית וותיק","Point","3868839.90913304220885","3668931.702521530911326"
"","","","Feature","מחשוף סלע","Point","3871690.034398942720145","3672047.212766120675951"
"","","","Feature","מצוק 5 מ' הנראה טבעי","Point","3871060.847499201539904","3662921.081195428967476"
"","","","Feature","חרוב - פרט בגודל 6-5 מ'","Point","3872954.252783578354865","3667336.322378158569336"
"","","","Feature","ריכוז אירוס שחום- 20+ פרטים, 20 על 20 מטר","Point","3871700.470864201895893","3673068.846587920561433"
"","","","Feature","משטחי סלע וגב","Point","3877897.951401215046644","3664397.603740761522204"
"","","","Feature","מחצבה נטושה עם קינון ציפורים ומחילות בע""ח- 30 על 15 מטר","Point","3871707.951551938895136","3669182.038428555708379"
"","","","Feature","ריכוז סתוונית הנגב וזמזומיות","Point","3876930.919027832336724","3664935.959665403701365"
"","","","Feature","מחפורת בעומק 1.5 מ', אורך 50 מטרים ורוחב 20 מטרים. נמצאה יבשה באפריל 2013","Point","3874242.203589436598122","3662965.901041967794299"
"","","","Feature","ריכוז פריחה - זמזומיות, נץ-חלב דק-עלים ועוד","Point","3872038.87260433845222","3664384.540142355021089"
"","","","Feature","גבעה עם בזנ""ט (נקודת טריג'? ) ותצפית היקפית. פעילות פרפרים","Point","3868958.3243298525922","3662959.730557762552053"
"","","","Feature","שיטה סלילנית קטנה","Point","3868861.369085307233036","3669467.390264450572431"
"","","","Feature","עצי שיזף מצוי- 4 פרטים+ עצי וושינגטוניה- 2 פרטים","Point","3869837.456011946313083","3668887.245675522368401"
"","","","Feature","שיטה סלילנית","Point","3869416.338509608060122","3673420.507561170496047"
"","","","Feature","שיזף ובור מים","Point","3871317.114166842773557","3669029.346375781111419"
"","","","Feature","עץ שקמה וותיק","Point","3873028.61175150424242","3668955.761253233067691"
"","","","Feature","אירוס שחום","Point","3874336.729619707912207","3671662.143723290413618"
"","","","Feature","שיזף מצוי","Point","3869573.989891013596207","3672398.759525835048407"
"","","","Feature","שיזף מרשים","Point","3868897.102661148644984","3668120.614525713492185"
"","","","Feature","טראסה הרוסה","Point","3872887.127149208914489","3659741.097199606243521"
"","","","Feature","ריכוז גיאופיטים- כלניות- אלפי פרטים, 200 על 20 מטר","Point","3872314.581354229710996","3670082.014156280085444"
"","","","Feature","ריכוז אשלים בולט, מפתיע במרחק מערוץ הנחל","Point","3869752.377879654057324","3661619.102015767246485"
"","","","Feature","קבוצת קנים","Point","3872687.085988537408412","3668434.631843746639788"
"","","","Feature","שלושה דקלי וושינגטוניה בולטים בנוף","Point","3867473.629404662642628","3667075.079074054956436"
"","","","Feature","ריכוז קדד בלתי מזוהה","Point","3867368.712247544899583","3663787.961158601101488"
"","","","Feature","מטוס פאנטום המשמש כאנדרטה - קינון יונים בתוך המטוס","Point","3869119.664452023338526","3665867.602123332675546"
"","","","Feature","אירוס שחום - כמה מקבצים","Point","3875930.602059913333505","3667354.815545587800443"
"","","","Feature","מחצבה נטושה עם קינון ציפורים ומחילות בע""ח","Point","3872135.176346887368709","3669326.296048175077885"
"","","","Feature","מחצבה נטושה עם קינון ציפורים ומחילות בע""ח- 30 על 20 מטר","Point","3871935.435019131749868","3669492.747317532077432"
"","","","Feature","אוכלוסיית יונקים","Point","3872006.471737408079207","3662407.551327600609511"
"","","","Feature","גדר חיה - עבקנה בגובה כ- 4 מ'. כמו כן פולשים - לנטנה, שיטת עלי ערבה ושיטה כחלחלה","Point","3870870.685854449402541","3664363.968177867121994"
"","","","Feature","ריכוז שום הלענה","Point","3870751.908036037813872","3670104.490133333951235"
"","","","Feature","ריכוז בולדרים- אתר מחיה לזוחלים, יונקים ועוד..- 50 על 20 מטר","Point","3872306.879944107029587","3668604.808419980108738"
"","","","Feature","ריכוז אטדים בראש המצוק","Point","3872730.389341374393553","3666541.401728715747595"
"","","","Feature","גל אבנים","Point","3868390.304952535778284","3662818.291709251236171"
"","","","Feature","רוץ עמוק יחסית, מבותר מאוד ובעל גדות תלולות ולא יציבות. מפתיע ביופיו בתקופת הפריחה","Point","3877607.032019015401602","3665818.582057543098927"
"","","","Feature","שני אשלים גדולים - גובהם כ- 10 מ'","Point","3870905.417616161517799","3664299.388012165203691"
"","","","Feature","אירוס שחום, זהביות, נוריות אסיה","Point","3874297.545119157526642","3671742.396220277994871"
"","","","Feature","בור מים ביזנטי. ייתכן שיפוץ מנדטורי","Point","3868644.184781852178276","3668141.322980142198503"
"","","","Feature","בתרונות לס קטנים. זוהה לקט בודד של צבעוני המדבר.","Point","3868286.458214998710901","3663338.82381238322705"
"","","","Feature","חישת שיחי מלוח קיפח נרחבת","Point","3871853.838963614776731","3662437.330206233542413"
"","","","Feature","חרוב קטן ואשחר רחב-עלים","Point","3873010.246494809165597","3667835.387852220330387"
"","","","Feature","כתם זמזומיות אייג","Point","3876349.497303960844874","3661874.624265654478222"
"","","","Feature","בור מים ביזנטי, חפירה ארכיאולוגית","Point","3868523.848360199481249","3668418.481486356351525"
"","","","Feature","מערות קטנות בסלע עם מחילות בע""ח- 4 על 2 מטר","Point","3870947.489341968204826","3668281.180780726484954"
"","","","Feature","חורשת אלות אטלנטיות","Point","3876423.095302672125399","3667598.455146577209234"
"","","","Feature","מערה קטנה","Point","3872692.652018080931157","3666533.978945972397923"
"","","","Feature","קדד נאה, שמשון הדור","Point","3876830.508817314170301","3671568.863965461496264"
"","","","Feature","ריכוז אטדים","Point","3871626.953413091599941","3659090.825327240861952"
"","","","Feature","חישת קנים ומלוח קיפח, לא זוהו מים על פני השטח","Point","3868614.733811347279698","3666463.728326535783708"
"","","","Feature","אתר קינון אנפיות בקר - מושבה גדולה","Point","3874142.09402066282928","3664621.08688584389165"
"","","","Feature","זרימת מים בערוץ נחל עשן","Point","3869641.18221055297181","3670439.750162582844496"
"","","","Feature","ריכוז פריחה קטן של סתוונית הנגב וכלנית מצויה","Point","3876591.95113153103739","3664404.981959659606218"
"","","","Feature","משטח סלע בערוץ הנחל","Point","3867355.731287077069283","3662727.425843040458858"
"","","","Feature","עץ תמר קטן","Point","3866868.555437940638512","3666341.960293618496507"
"","","","Feature","אירוס שחום, ריכוז בן-חצב מדברי","Point","3875896.983506496530026","3667503.934245633427054"
"","","","Feature","בתרונות לס לא מפותחים","Point","3868011.264195858500898","3662617.088477838784456"
"","","","Feature","עץ שיטה סלילנית וותיק","Point","3868334.463665884919465","3667805.804503929801285"
"","","","Feature","שיח אשל","Point","3867990.494928178843111","3662809.205151009373367"
"","","","Feature","לענת המדבר","Point","3870018.386798661202192","3671148.288632858078927"
"","","","Feature","שיטה סלילנית","Point","3867877.892706973943859","3667974.210970096290112"
"","","","Feature","ריכוז חצבים","Point","3873246.652102324180305","3659006.230434129945934"
"","","","Feature","שיטה סלילנית","Point","3867252.097511176485568","3660563.736665703356266"
"","","","Feature","ריכוז אירוס שחום- 30 פרטים","Point","3876067.185432666912675","3667078.922233784105629"
"","","","Feature","ריכוז אירוס שחום- 20+ פרטים, 20 על 20 מטר","Point","3874924.849270945880562","3671658.423411705065519"
"","","","Feature","עץ שיזף מצוי וותיק","Point","3867391.750793686136603","3668626.779927268158644"
"","","","Feature","עץ פיקוס התאנה","Point","3874850.275577738881111","3672936.136164222843945"
"","","","Feature","קנים, אשלים, טבק השיח","Point","3870636.373837294522673","3662333.048688133247197"
"","","","Feature","עצי ברוש קטן- 5 פרטים","Point","3872178.648755050264299","3669625.556886010803282"
"","","","Feature","ריכוז נורית אסיה- אלפי פרטים, 100 על 30 מטר","Point","3870014.10002132691443","3672308.587733997497708"
"","","","Feature","עץ שיזף מצוי","Point","3868488.333380020689219","3668722.111313060857356"
"","","","Feature","בור בעומק 3 מ'","Point","3877561.877823467832059","3666150.862490959931165"
"","","","Feature","ריכוז מרשים של שמשון הדור. זמזומית מצויה","Point","3876002.514455521479249","3671273.9169498430565"
"","","","Feature","סכר הרוס בנוי בנחל עם מאורות שועלים סמוכות","Point","3875862.918058250099421","3670318.201946346554905"
"","","","Feature","ריכוז שום הלענה","Point","3872312.607262026052922","3666052.415683567058295"
"","","","Feature","ריכוז עירית גדולה","Point","3869480.342483877204359","3670687.99542735889554"
"","","","Feature","מחשופי סלע לבן בפיתולי נחל פטיש","Point","3869297.849130411166698","3672833.639530424028635"
"","","","Feature","ארבעה עצי אורן - פינת ""זולה"" ופסולת","Point","3868264.493929808493704","3666613.113779880106449"
"","","","Feature","בור מים בנוי עם מערכת תעלות","Point","3868647.185645472723991","3668136.484708953183144"
"","","","Feature","חרבת בתר, אתר מן התקופה הכלקוליתי","Point","3872279.975431269966066","3662794.165778356138617"
"","","","Feature","מעט קדד נאה","Point","3876313.429780985228717","3669731.162040614522994"
"","","","Feature","ריכוז גיאופיטים- כלניות- אלפי פרטים, 100 על 20 מטר","Point","3868803.405947491526604","3669657.684551358688623"
"","","","Feature","ריכוז אירוס שחום- 100+ פרטים, 100 על 50 מטר","Point","3873911.76007589045912","3673079.077260295394808"
"","","","Feature","שקע סגור ולח יחסית - כוכב, יפרוק המדבר","Point","3869680.569191644433886","3658355.563527897000313"
"","","","Feature","תצפית","Point","3878665.833203302696347","3673033.803332617972046"
"","","","Feature","ריכוז דליל של שלהבית קיצרת-שיניים","Point","3875131.85018116934225","3670484.746257398277521"
"","","","Feature","ריכוז נוריות וצבעונים- מאות אלפי פרטים, 300 על 100 מטר","Point","3875326.734808511566371","3672517.833119378425181"
"","","","Feature","מאורות","Point","3878522.342482942156494","3664596.250988722778857"
"","","","Feature","צבעונים ושמשון הדור","Point","3877867.449914598371834","3671024.442034888081253"
"","","","Feature","שום קולמן - כעשרה פרטים","Point","3872368.489660058636218","3666290.330096787773073"
"","","","Feature","שום אשרסון","Point","3875872.938528018072248","3671709.826198279857635"
"","","","Feature","עץ תאנה","Point","3878976.080722666345537","3662502.087816733401269"
"","","","Feature","עצי שיזף מצוי- 2 פרטים","Point","3868632.071676982101053","3669661.590652897488326"
"","","","Feature","ריכוז קדד נאה- עשרות פרטים, 20 על 20 מטר. יש גם ציפורן יהודה.","Point","3876299.743560103233904","3669798.071859"
"","","","Feature","סכר ומאחוריו בריכה עונתית","Point","3869129.315089695621282","3658833.18154290644452"
"","","","Feature","ריכוז דליל של שלהבית קיצרת-שיניים","Point","3875468.281398808117956","3670103.122858301270753"
"","","","Feature","לימן עם זיתים ותאנים","Point","3874581.551680501550436","3672960.619843653868884"
"","","","Feature","עץ זית אירופי","Point","3870776.103273909538984","3668217.284327691420913"
"","","","Feature","עץ חרוב וותיק","Point","3874282.839161664713174","3671885.591843601781875"
"","","","Feature","שום קולמן","Point","3868655.205453717149794","3662314.366060441359878"
"","","","Feature","אתר פריחה - צבעונים, שמשונים, נוריות, שלהבית קיצרת-שיניים","Point","3876064.074168462771922","3671275.349876285996288"
